collected_at,collection_date,ticker,status,earnings_date,days_to_earnings,spot,expiry,strike,implied_em,note,days_expiry_after_earnings,moneyness,call_bid,call_ask,call_last,call_iv,call_volume,call_oi,put_bid,put_ask,put_last,put_iv,put_volume,put_oi,call_mid,put_mid,price_source,straddle_price,call_rel_spread,put_rel_spread,parity_gap,hist_em,sector,divergence
2026-07-29T15:51:50,2026-07-29,ADP,ok,2026-07-29,0.0,273.76,2026-07-31,270.0,0.037259,,2.0,-0.01373,6.5,9.2,9.34,0.5958292370605469,19.0,141.0,1.8,2.9,1.96,0.456060126953125,42.0,21.0,7.85,2.35,mid,10.2,0.34395,0.46809,0.006355932203389864,0.0213002076528544,Industrials,1.7492317730999676
2026-07-28T15:44:49,2026-07-28,V,ok,2026-07-28,0.0,369.39,2026-07-31,370.0,0.036073,,3.0,0.00165,5.7,6.15,5.95,0.417852501220703,1123.0,655.0,6.95,7.85,6.96,0.4885305053710938,402.0,25.0,5.925000000000001,7.4,mid,13.325,0.07595,0.12162,0.002341698475865487,0.0169287148245395,Financials,2.130876464863674
2026-07-28T15:44:46,2026-07-28,UPS,ok,2026-07-28,0.0,105.53,2026-07-31,106.0,0.02876,,3.0,0.00445,1.4,1.62,1.44,0.4179745703124999,1410.0,77.0,1.38,1.67,1.53,0.3222724023437499,1575.0,425.0,1.51,1.525,mid,3.035,0.1457,0.19016,0.004311570169619997,0.0662800345438648,Industrials,0.43391649080940564
2026-07-28T15:44:26,2026-07-28,TER,ok,2026-07-28,0.0,319.08,2026-07-31,320.0,0.145105,,3.0,0.00288,22.0,25.5,23.8,1.8166513073730468,50.0,5.0,20.7,24.4,22.2,1.6572282763671875,5.0,88.0,23.75,22.549999999999997,mid,46.3,0.14737,0.16408,0.006644101792653894,0.1169332334580838,Information Technology,1.240921812463304
2026-07-28T15:44:13,2026-07-28,STX,ok,2026-07-28,0.0,746.89,2026-07-31,747.5,0.135428,,3.0,0.00082,48.2,57.2,53.9,1.7008071600341796,15.0,5.0,46.0,50.9,49.73,1.544496906433105,6.0,7.0,52.7,48.45,mid,101.15,0.17078,0.10114,0.006506982286548238,0.0911076546832711,Information Technology,1.4864612690427081
2026-07-28T15:44:10,2026-07-28,SPGI,ok,2026-07-28,0.0,420.0,2026-07-31,420.0,0.029524,,3.0,0.0,5.9,8.2,5.95,0.470281176147461,2.0,18.0,4.6,6.1,5.2,0.3450993225097656,7.0,68.0,7.05,5.35,mid,12.4,0.32624,0.28037,0.00404761904761902,0.0368536499436734,Financials,0.8011146805031271
2026-08-04T14:12:59,2026-08-04,AMD,ok,2026-08-04,0.0,526.45,2026-08-05,527.5,0.080919,,1.0,0.00199,21.1,21.6,21.3,1.4060088293457031,2073.0,86.0,21.05,21.45,21.25,1.3320345898437496,227.0,118.0,21.35,21.25,mid,42.6,0.02342,0.01882,0.0021844429670433607,0.0727075577823129,Information Technology,1.112937945767237
2026-07-29T15:51:58,2026-07-29,ALGN,ok,2026-07-29,0.0,180.76,2026-07-31,180.0,0.113687,,2.0,-0.0042,10.2,12.1,11.1,1.6518572094726562,9.0,17.0,8.5,10.3,9.6,1.499514221191406,8.0,1.0,11.15,9.4,mid,20.55,0.1704,0.19149,0.005476875414914855,0.0828606714686792,Health Care,1.3720260527091306
2026-07-29T15:53:57,2026-07-29,FTNT,ok,2026-07-29,0.0,153.885,2026-07-31,155.0,0.138415,,2.0,0.00725,9.3,10.55,9.93,1.8757330432128905,127.0,484.0,10.05,12.7,11.45,1.9387210095214849,79.0,931.0,9.925,11.375,mid,21.3,0.12594,0.23297,0.002176950320044056,0.1117871692617771,Information Technology,1.2382011362669656
2026-08-04T14:13:01,2026-08-04,AMGN,ok,2026-08-04,0.0,388.26,2026-08-07,387.5,0.049516,,3.0,-0.00196,8.7,10.9,9.9,0.5813030151367188,24.0,12.0,8.4,10.45,9.58,0.6051064880371095,10.0,74.0,9.8,9.425,mid,19.225,0.22449,0.21751,0.0009916035646216218,0.0584773138805552,Health Care,0.8467557196820046
2026-07-29T15:52:52,2026-07-29,CMG,ok,2026-07-29,0.0,34.215,2026-07-31,34.0,0.077159,,2.0,-0.00628,1.31,1.42,1.44,1.01953615234375,614.0,1011.0,1.19,1.36,1.28,1.1171919140625,651.0,150.0,1.365,1.275,mid,2.64,0.08059,0.13333,0.0036533684056700272,0.0670901430771113,Consumer Discretionary,1.1500795267542638
2026-07-29T15:52:33,2026-07-29,BSX,ok,2026-07-29,0.0,46.16,2026-07-31,46.0,0.042244,,2.0,-0.00347,0.65,1.1,1.0,0.6113320117187502,757.0,1409.0,0.85,1.3,0.95,0.692385888671875,1573.0,1708.0,0.875,1.075,mid,1.95,0.51429,0.4186,0.007798960138648168,0.0485431205873706,Health Care,0.8702365956050746
2026-07-29T15:52:26,2026-07-29,BIIB,ok,2026-07-29,0.0,207.97,2026-07-31,207.5,0.030293,,2.0,-0.00226,2.55,5.0,3.37,0.6337927246093751,6.0,10.0,1.05,4.0,1.0,0.5632367895507813,3.0,5.0,3.775,2.525,mid,6.3,0.64901,1.16832,0.0037505409434053045,0.0221486434229609,Health Care,1.367713562474714
2026-07-28T15:43:46,2026-07-28,PYPL,ok,2026-07-28,0.0,58.575,2026-07-31,59.0,0.034742,,3.0,0.00726,0.62,0.75,0.7,0.3847717773437499,5582.0,1751.0,1.32,1.38,1.32,0.471684970703125,365.0,182.0,0.685,1.35,mid,2.035,0.18978,0.04444,0.004097311139564694,0.0776893701909896,Financials,0.44719116546563753
2026-08-04T14:13:03,2026-08-04,ANET,ok,2026-08-04,0.0,192.66,2026-08-07,195.0,0.107573,,3.0,0.01215,9.2,9.55,9.23,1.298587491455078,306.0,592.0,11.05,11.65,11.0,1.2531775622558592,23.0,30.0,9.375,11.35,mid,20.725,0.03733,0.05286,0.0018945292224644924,0.0835550901742632,Information Technology,1.2874499898886453
2026-07-28T15:43:39,2026-07-28,PPG,ok,2026-07-28,0.0,118.895,2026-07-31,119.0,0.043105,,3.0,0.00088,2.8,3.3,3.0,0.6245154736328126,2.0,14.0,1.8,2.35,2.19,0.4624077197265626,1.0,1.0,3.05,2.075,mid,5.125,0.16393,0.26506,0.009083645233188935,0.0362574936624714,Materials,1.1888576855662851
2026-07-28T15:41:08,2026-07-28,F,ok,2026-07-28,0.0,14.905,2026-07-31,15.0,0.066756,,3.0,0.00637,0.43,0.44,0.43,0.7695335546875001,9259.0,15855.0,0.55,0.57,0.56,0.8203142968749999,1051.0,1419.0,0.435,0.56,mid,0.995,0.02299,0.03571,0.002012747400201232,0.0671323660072281,Consumer Discretionary,0.9943936728345373
2026-08-04T14:14:32,2026-08-04,EMR,ok,2026-08-04,0.0,154.475,2026-08-07,152.5,0.056158,,3.0,-0.01279,5.0,5.9,5.4,0.6853058813476562,8.0,174.0,2.75,3.7,3.3,0.6455113574218749,294.0,24.0,5.45,3.225,mid,8.675,0.16514,0.29457,0.0016183848519177862,0.0450349145806214,Industrials,1.2469880430097424
2026-08-04T14:14:33,2026-08-04,EOG,ok,2026-08-04,0.0,143.8,2026-08-07,144.0,0.041551,,3.0,0.00139,2.8,3.5,2.81,0.5405319384765627,68.0,50.0,2.45,3.2,3.0,0.51562984375,8.0,21.0,3.15,2.825,mid,5.975,0.22222,0.26549,0.0036509040333797334,0.017311819920822,Energy,2.400152045829915
2026-08-04T14:14:23,2026-08-04,DVN,ok,2026-08-04,0.0,43.999,2026-08-07,44.0,0.046137,,3.0,2e-05,1.01,1.11,1.05,0.577152666015625,1185.0,1108.0,0.92,1.02,0.96,0.5273484765625001,112.0,458.0,1.06,0.97,mid,2.03,0.09434,0.10309,0.002068228823382374,0.0187437449548011,Energy,2.461461149373049
2026-08-04T14:14:53,2026-08-04,FIS,ok,2026-08-04,0.0,43.255,2026-08-07,43.0,0.042192,,3.0,-0.0059,0.6,1.05,0.78,0.508793974609375,10.0,31.0,0.85,1.15,1.25,0.62305064453125,751.0,31.0,0.825,1.0,mid,1.825,0.54545,0.3,0.009941047277771349,0.0414942255804021,Financials,1.016816181283968
2026-07-28T15:40:06,2026-07-28,CNC,ok,2026-07-28,0.0,64.79,2026-07-31,65.0,0.047924,,3.0,0.00324,1.1,1.4,0.89,0.5546919531250001,2067.0,1537.0,1.69,2.02,3.22,0.6450230810546875,61.0,99.0,1.25,1.855,mid,3.105,0.24,0.1779,0.006096619848742247,0.0427929770011412,Health Care,1.1199033897249533
2026-07-28T15:39:43,2026-07-28,CARR,ok,2026-07-28,0.0,63.16,2026-07-31,63.0,0.035228,,3.0,-0.00253,1.05,1.35,1.05,0.481450498046875,8.0,1.0,0.9,1.15,1.08,0.4663139306640625,96.0,128.0,1.2000000000000002,1.025,mid,2.225,0.25,0.2439,0.00023749208359733493,0.0563698197773764,Industrials,0.6249443432518919
2026-07-28T15:39:25,2026-07-28,BA,ok,2026-07-28,0.0,222.045,2026-07-31,222.5,0.03434,,3.0,0.00205,3.45,4.0,3.9,0.45508357421875,1754.0,638.0,3.65,4.15,3.88,0.4221249194335937,633.0,34.0,3.725,3.9,mid,7.625,0.14765,0.12821,0.0012610056520074811,0.0300775779180546,Industrials,1.1417142727901242
2026-08-04T14:15:04,2026-08-04,GILD,ok,2026-08-04,0.0,131.66,2026-08-07,132.0,0.052977,,3.0,0.00258,3.05,3.35,3.23,0.6118202880859377,128.0,83.0,3.65,3.9,3.85,0.6543003320312502,5.0,30.0,3.2,3.775,mid,6.975,0.09375,0.06623,0.0017849005012913082,0.0438258154445635,Health Care,1.2088080840620545
2026-08-04T14:13:08,2026-08-04,APO,ok,2026-08-04,0.0,132.285,2026-08-07,132.0,0.035907,,3.0,-0.00215,1.95,3.0,1.06,0.51758294921875,1.0,34.0,1.85,2.7,8.7,0.514653291015625,20.0,21.0,2.475,2.2750000000000004,mid,4.75,0.42424,0.37363,0.0006425520656159653,0.0212733819940985,Financials,1.6878839485870676
2026-07-28T15:42:47,2026-07-28,MDLZ,ok,2026-07-28,0.0,62.38,2026-07-31,62.0,0.038474,,3.0,-0.00609,1.35,1.5,1.4,0.5009815527343751,201.0,154.0,0.9,1.05,0.94,0.473638076171875,275.0,310.0,1.425,0.975,mid,2.4,0.10526,0.15385,0.0011221545367103747,0.0267052740822546,Consumer Staples,1.4406892017470665
2026-08-04T14:13:26,2026-08-04,BKNG,ok,2026-08-04,0.0,193.63,2026-08-07,192.5,0.070495,,3.0,-0.00584,6.5,7.1,6.6,0.77148666015625,163.0,129.0,6.4,7.3,7.12,0.9182137084960936,17.0,136.0,6.8,6.85,mid,13.65,0.08824,0.13139,0.006094096989102817,0.0359680108905763,Consumer Discretionary,1.9599360168807625
2026-08-04T14:13:35,2026-08-04,CAT,ok,2026-08-04,0.0,882.505,2026-08-07,885.0,0.042663,,3.0,0.00283,16.95,20.2,18.84,0.5364426239013673,180.0,538.0,18.0,20.15,19.0,0.5115100119018555,51.0,36.0,18.575,19.075,mid,37.65,0.17497,0.11271,0.0022606104214707053,0.0407715483752335,Industrials,1.046391459244051
2026-07-28T15:41:47,2026-07-28,HLT,ok,2026-07-28,0.0,323.155,2026-07-31,325.0,0.025143,,3.0,0.00571,2.85,4.1,2.93,0.3670717590332031,12.0,3.0,4.1,5.2,6.15,0.3112861840820312,1.0,183.0,3.4749999999999996,4.65,mid,8.125,0.35971,0.23656,0.0020733084742618024,0.0262747188212284,Consumer Discretionary,0.9569274621384705
2026-07-28T15:42:24,2026-07-28,KO,ok,2026-07-28,0.0,88.165,2026-07-31,88.0,0.020189,,3.0,-0.00187,0.8,0.9,0.84,0.2216874707031249,2994.0,1389.0,0.88,0.98,0.94,0.2880930566406249,2996.0,129.0,0.8500000000000001,0.93,mid,1.78,0.11765,0.10753,0.0027788805081383626,0.018052284305098,Consumer Staples,1.1183626215269935
2026-07-29T15:53:59,2026-07-29,GD,ok,2026-07-29,0.0,382.315,2026-07-31,382.5,0.020337,,2.0,0.00048,3.2,7.0,14.0,0.5128222546386718,1.0,3.0,1.75,3.6,2.6,0.2535475036621094,52.0,112.0,5.1,2.675,mid,7.775,0.7451,0.69159,0.006826831277872994,0.0340883286174653,Industrials,0.596597158758328
2026-07-29T15:54:06,2026-07-29,GNRC,ok,2026-07-29,0.0,195.08,2026-07-31,200.0,0.063051,,2.0,0.02522,3.2,6.0,3.0,0.9489751196289062,99.0,169.0,6.5,8.9,9.8,0.6787141503906251,59.0,38.0,4.6,7.7,mid,12.3,0.6087,0.31169,0.009329505843756372,0.0717927017583325,Industrials,0.8782369023001992
2026-07-30T15:21:59,2026-07-30,MA,ok,2026-07-30,0.0,576.52,2026-07-31,580.0,0.013963,,1.0,0.00604,2.0,3.1,2.37,0.2713695910644531,95.0,95.0,3.8,7.2,4.9,0.3090889404296875,228.0,2.0,2.55,5.5,mid,8.05,0.43137,0.61818,0.0009193089571913771,0.0219580523158184,Financials,0.6358942860310597
2026-07-30T15:21:46,2026-07-30,KKR,ok,2026-07-30,0.0,101.42,2026-07-31,101.0,0.033277,,1.0,-0.00414,0.85,1.95,1.27,0.5795940478515625,19.0,661.0,0.75,3.2,4.41,0.7290066162109375,1.0,123.0,1.4,1.975,mid,3.375,0.78571,1.24051,0.009810688227174033,0.0335125811140005,Financials,0.9929703679582567
2026-07-30T15:21:34,2026-07-30,IP,ok,2026-07-30,0.0,43.175,2026-07-31,42.0,0.035321,,1.0,-0.02721,1.0,1.5,1.25,0.6162147753906251,49.0,670.0,0.1,0.45,0.3,0.56836369140625,45.0,25.0,1.25,0.275,mid,1.525,0.4,1.27273,0.004632310364794343,0.0673906738123076,Materials,0.5241229683854164
2026-07-30T15:21:25,2026-07-30,HSY,ok,2026-07-30,0.0,179.6,2026-07-31,180.0,0.021854,,1.0,0.00223,1.2,2.3,6.65,0.469731865234375,1.0,161.0,1.65,2.7,2.04,0.469731865234375,117.0,123.0,1.75,2.175,mid,3.925,0.62857,0.48276,0.0001391982182628379,0.0269825227568457,Consumer Staples,0.8099316804784479
2026-07-30T15:21:06,2026-07-30,GDDY,ok,2026-07-30,0.0,99.325,2026-07-31,95.0,0.108986,,1.0,-0.04354,6.9,8.5,7.8,1.833985205078125,5.0,207.0,2.75,3.5,3.04,1.7412122314453122,59.0,11.0,7.7,3.125,mid,10.825,0.20779,0.24,0.0025169896803423106,0.0799309124103156,Information Technology,1.363502513777569
2026-07-30T15:21:03,2026-07-30,FSLR,ok,2026-07-30,0.0,204.26,2026-07-31,205.0,0.072824,,1.0,0.00362,5.85,7.45,6.45,1.1611370068359377,456.0,160.0,7.7,8.75,8.55,1.2993199096679686,89.0,466.0,6.65,8.225,mid,14.875,0.2406,0.12766,0.004087927151669341,0.0662663053133934,Information Technology,1.0989597149802341
2026-07-30T15:20:37,2026-07-30,DXCM,ok,2026-07-30,0.0,73.895,2026-07-31,74.0,0.077813,,1.0,0.00142,2.5,3.4,2.75,1.3720734521484377,15.0,35.0,2.5,3.1,3.1,1.26172244140625,69.0,331.0,2.95,2.8,mid,5.75,0.30508,0.21429,0.0034508424115300045,0.0793667282458016,Health Care,0.9804234308236865
2026-07-30T15:22:08,2026-07-30,MO,ok,2026-07-30,0.0,68.27,2026-07-31,68.0,0.0156,,1.0,-0.00395,0.53,0.79,0.65,0.3212958496093749,180.0,29.0,0.25,0.56,0.5,0.340826904296875,334.0,418.0,0.66,0.405,mid,1.065,0.39394,0.76543,0.00021971583418779213,0.0402621876218629,Consumer Staples,0.3874603175195824
2026-07-30T15:22:59,2026-07-30,SO,ok,2026-07-30,0.0,94.71,2026-07-31,95.0,0.013726,,1.0,0.00306,0.25,0.55,0.37,0.2446364599609375,8.0,307.0,0.6,1.2,1.0,0.3740296972656249,151.0,238.0,0.4,0.8999999999999999,mid,1.3,0.75,0.66667,0.0022172949002216636,0.0204223826583922,Utilities,0.6721057101708724
2026-07-30T15:22:17,2026-07-30,NCLH,ok,2026-07-30,0.0,19.035,2026-07-31,19.0,0.027055,,1.0,-0.00184,0.17,0.3,0.2,0.5039112109375,674.0,245.0,0.14,0.42,0.44,0.5293015820312501,331.0,911.0,0.235,0.28,mid,0.515,0.55319,1.0,0.004202784344628414,0.0839557060860765,Consumer Discretionary,0.3222532602163046
2026-07-30T15:20:18,2026-07-30,CRH,ok,2026-07-30,0.0,95.735,2026-07-31,98.0,0.031337,,1.0,0.02366,0.1,1.0,0.6,0.6728548339843752,1.0,3.0,1.7,3.2,1.75,0.647464462890625,40.0,41.0,0.55,2.45,mid,3.0,1.63636,0.61224,0.0038126077192248906,0.0353220628605959,Materials,0.887179214976102
2026-07-30T15:20:13,2026-07-30,COIN,ok,2026-07-30,0.0,163.795,2026-07-31,165.0,0.073873,,1.0,0.00736,4.8,5.15,4.9,1.1450238061523437,981.0,6526.0,6.9,7.35,7.12,1.3403353295898437,1104.0,1792.0,4.975,7.125,mid,12.1,0.07035,0.06316,0.005769406880551868,0.0886461686037481,Financials,0.8333467894164184
2026-07-29T15:55:43,2026-07-29,PG,ok,2026-07-29,0.0,145.88,2026-07-31,146.0,0.021936,,2.0,0.00082,0.89,1.1,0.97,0.2177812597656249,366.0,67.0,1.94,2.47,2.32,0.4585015087890626,425.0,352.0,0.995,2.205,mid,3.2,0.21106,0.24036,0.007471894707979185,0.0185605997099777,Consumer Staples,1.1818583635639626
2026-07-29T15:55:18,2026-07-29,MSFT,ok,2026-07-29,0.0,391.55,2026-07-31,392.5,0.067871,,2.0,0.00243,13.8,14.4,14.95,1.0294237982177736,2352.0,3540.0,12.2,12.75,12.51,0.8447281152343749,4318.0,617.0,14.1,12.475,mid,26.575,0.04255,0.04409,0.006576427020814682,0.0495253832864634,Information Technology,1.3704285660430404
2026-07-29T15:55:08,2026-07-29,MGM,ok,2026-07-29,0.0,45.85,2026-07-31,46.0,0.056707,,2.0,0.00327,1.15,1.55,1.6,0.85742330078125,18.0,1529.0,0.95,1.55,1.45,0.7070341796875,4.0,27.0,1.35,1.25,mid,2.6,0.2963,0.48,0.0054525627044711015,0.0688052523122149,Consumer Discretionary,0.8241667328343316
2026-07-29T15:55:07,2026-07-29,META,ok,2026-07-29,0.0,582.455,2026-07-31,582.5,0.08241,,2.0,8e-05,25.85,27.2,30.91,1.2576941412353515,10.0,122.0,20.9,22.05,21.15,1.021489267578125,177.0,372.0,26.525,21.475,mid,48.0,0.0509,0.05355,0.008747456885081101,0.072815453969946,Communication Services,1.13176524359807
2026-07-29T15:54:50,2026-07-29,LHX,ok,2026-07-29,0.0,295.405,2026-07-31,300.0,0.040791,,2.0,0.01555,3.0,5.9,5.6,0.602787175292969,17.0,74.0,6.7,8.5,6.39,0.5500533276367189,8.0,215.0,4.45,7.6,mid,12.05,0.65169,0.23684,0.004891589512702877,0.0230590790085204,Industrials,1.768977849675939
2026-07-29T15:54:22,2026-07-29,HUM,ok,2026-07-29,0.0,364.62,2026-07-31,365.0,0.038808,,2.0,0.00104,4.8,11.0,9.5,0.6130409790039064,36.0,5.0,4.0,8.5,5.2,0.6297644445800781,17.0,68.0,7.9,6.25,mid,14.15,0.78481,0.72,0.005567440074598137,0.0548778112276986,Health Care,0.7071710611594574
2026-07-29T15:54:17,2026-07-29,HOOD,ok,2026-07-29,0.0,89.54,2026-07-31,90.0,0.093813,,2.0,0.00514,4.0,4.3,4.15,1.347171232910156,2247.0,947.0,4.15,4.35,4.35,1.2392616162109371,11083.0,3817.0,4.15,4.25,mid,8.4,0.07229,0.04706,0.004020549475094923,0.0814436354743601,Financials,1.151876379947872
2026-07-29T15:54:01,2026-07-29,GEHC,ok,2026-07-29,0.0,71.73,2026-07-31,68.0,0.049491,,2.0,-0.052,2.7,3.9,3.3,0.487309814453125,4613.0,4631.0,0.15,0.35,0.21,0.5478560839843751,212.0,92.0,3.3,0.25,mid,3.55,0.36364,0.8,0.009479994423532787,0.057882984015722,Health Care,0.8550181170092649
2026-07-29T15:56:09,2026-07-29,SBUX,ok,2026-07-29,0.0,103.6999,2026-07-31,104.0,0.058872,,2.0,0.00289,2.74,2.92,2.83,0.7944356494140624,284.0,425.0,3.1,3.45,3.27,0.8300798242187499,208.0,263.0,2.83,3.2750000000000004,mid,6.105,0.0636,0.10687,0.0013973012510138092,0.0434005940081388,Consumer Discretionary,1.3564791299621357
2026-07-30T15:20:05,2026-07-30,CI,ok,2026-07-30,0.0,287.82,2026-07-31,287.5,0.020412,,1.0,-0.00111,2.8,5.3,4.3,0.6049844189453126,33.0,9.0,1.2,2.45,2.55,0.3068916967773437,42.0,19.0,4.05,1.825,mid,5.875,0.61728,0.68493,0.006618720033354283,0.0599323634036819,Health Care,0.3405839322990223
2026-07-30T15:19:52,2026-07-30,BMY,ok,2026-07-30,0.0,65.02,2026-07-31,66.0,0.016533,,1.0,0.01507,0.17,0.28,0.17,0.3398503515625,825.0,3090.0,0.59,1.11,2.12,0.2402419726562499,1.0,1.0,0.225,0.8500000000000001,mid,1.075,0.48889,0.61176,0.005459858505075423,0.0577760658351202,Health Care,0.28615655567794174
2026-07-30T15:19:45,2026-07-30,BAX,ok,2026-07-30,0.0,26.44,2026-07-31,26.0,0.030257,,1.0,-0.01664,0.4,0.9,0.63,0.50586431640625,10.0,125.0,0.05,0.25,0.1,0.5625043750000001,80.0,1.0,0.65,0.15,mid,0.8,0.76923,1.33333,0.0022692889561270317,0.1025309279265988,Health Care,0.2951012012849506
2026-07-30T15:19:32,2026-07-30,AMZN,ok,2026-07-30,0.0,239.4899,2026-07-31,240.0,0.074847,,1.0,0.00213,7.8,7.9,7.86,1.142582412109375,16880.0,16883.0,10.0,10.15,9.99,1.389407349853515,3126.0,2887.0,7.85,10.075,mid,17.925,0.01274,0.01489,0.007160636001768759,0.056042153870925,Consumer Discretionary,1.3355482405688026
2026-07-30T15:19:16,2026-07-30,AAPL,ok,2026-07-30,0.0,333.71,2026-07-31,332.5,0.035285,,1.0,-0.00363,6.55,6.55,6.55,0.5969278588867188,26511.0,1875.0,5.15,5.3,5.22,0.5953409606933593,8265.0,3913.0,6.55,5.225,mid,11.775,0.0,0.02871,0.00034461059003328966,0.0196829721781137,Information Technology,1.7926662538920228
2026-07-29T15:56:56,2026-07-29,VRT,ok,2026-07-29,0.0,223.675,2026-07-31,220.0,0.062814,,2.0,-0.01643,7.05,8.55,8.3,0.7202176416015625,29.0,1.0,5.8,6.7,6.26,0.9914551635742188,752.0,1242.0,7.800000000000001,6.25,mid,14.05,0.19231,0.144,0.009500391192578518,0.0872746910869178,Industrials,0.7197275546635034
2026-08-05T15:22:11,2026-08-05,APP,ok,2026-08-05,0.0,423.06,2026-08-07,422.5,0.112632,,2.0,-0.00132,23.0,24.5,24.0,1.5367454803466798,80.0,51.0,23.0,24.8,25.4,1.5820333398437496,151.0,8.0,23.75,23.9,mid,47.65,0.06316,0.07531,0.0016782489481396955,0.1789523013476252,Information Technology,0.6293967674727236
2026-07-23T15:24:52,2026-07-23,FCX,ok,2026-07-23,0.0,63.765,2026-07-24,64.0,0.032777,,1.0,0.00369,0.63,0.9,0.77,0.5371140039062501,790.0,3065.0,1.01,1.64,1.45,0.63867548828125,539.0,1250.0,0.765,1.325,mid,2.09,0.35294,0.47547,0.005096839959225325,0.0193155224309254,Materials,1.6969253675231637
2026-07-23T15:24:22,2026-07-23,DOW,ok,2026-07-23,0.0,31.125,2026-07-24,31.0,0.031647,,1.0,-0.00402,0.45,0.69,0.47,0.5507857421875001,115.0,723.0,0.28,0.55,0.48,0.51758294921875,177.0,197.0,0.57,0.415,mid,0.985,0.42105,0.6506,0.0009638554216867835,0.0551795286044337,Materials,0.5735279151597745
2026-07-23T15:24:19,2026-07-23,DLR,ok,2026-07-23,0.0,179.45,2026-07-24,180.0,0.0365,,1.0,0.00306,2.1,3.7,2.86,0.596683720703125,43.0,120.0,3.2,4.1,3.21,0.6347692773437501,24.0,62.0,2.9000000000000004,3.65,mid,6.55,0.55172,0.24658,0.001114516578434041,0.0345040157348279,Real Estate,1.0578478829974964
2026-08-05T15:24:52,2026-08-05,KHC,ok,2026-08-05,0.0,25.675,2026-08-07,25.5,0.021422,,2.0,-0.00682,0.32,0.39,0.32,0.3183661914062499,625.0,494.0,0.16,0.23,0.2,0.33399103515625,314.0,432.0,0.355,0.195,mid,0.55,0.19718,0.35897,0.000584225900681619,0.0271065498988401,Consumer Staples,0.7902886970103361
2026-07-22T15:14:09,2026-07-22,CME,ok,2026-07-22,0.0,250.23,2026-07-24,250.0,0.024178,,2.0,-0.00092,2.5,3.4,3.1,0.3630434790039062,1222.0,204.0,2.7,3.5,2.96,0.399420068359375,73.0,108.0,2.95,3.1,mid,6.05,0.30508,0.25806,0.001518602885345464,0.0105914812360232,Financials,2.282777966670708
2026-07-22T15:14:28,2026-07-22,CSX,ok,2026-07-22,0.0,49.84,2026-07-24,50.0,0.045646,,2.0,0.00321,1.05,1.25,1.13,0.6806672558593752,2028.0,1533.0,1.05,1.2,1.1,0.57812921875,121.0,399.0,1.15,1.125,mid,2.275,0.17391,0.13333,0.0037118780096307216,0.0228634361218015,Industrials,1.9964628132371631
2026-07-23T15:23:26,2026-07-23,BX,ok,2026-07-23,0.0,124.145,2026-07-24,124.0,0.021829,,1.0,-0.00117,0.77,1.56,1.29,0.4057676611328125,111.0,222.0,1.24,1.85,1.5,0.524418818359375,26.0,194.0,1.165,1.545,mid,2.71,0.67811,0.39482,0.0042289258528333115,0.0263564340132517,Financials,0.8282228160692998
2026-08-05T15:22:19,2026-08-05,AXON,ok,2026-08-05,0.0,605.39,2026-08-07,610.0,0.131485,,2.0,0.00761,35.9,40.5,36.63,1.8431404327392575,23.0,65.0,38.0,44.8,40.95,1.7786876300048828,1.0,12.0,38.2,41.4,mid,79.6,0.12042,0.16425,0.0023290771238376616,0.1554847140034773,Industrials,0.8456458298341754
2026-08-05T15:25:03,2026-08-05,LLY,ok,2026-08-05,0.0,1161.25,2026-08-07,1160.0,0.030205,,2.0,-0.00108,13.7,19.0,18.0,0.4375666595458984,633.0,666.0,15.0,22.45,16.55,0.5496260858154298,180.0,77.0,16.35,18.725,mid,35.075,0.32416,0.39786,0.003121636167922497,0.0812452803623347,Health Care,0.37177544178926897
2026-07-23T15:28:39,2026-07-23,UNP,ok,2026-07-23,0.0,304.575,2026-07-24,302.5,0.017565,,1.0,-0.00681,3.1,3.1,4.9,0.2097246997070312,8.0,8.0,0.8,3.7,11.1,0.5205126074218749,2.0,7.0,3.1,2.25,mid,5.35,0.0,1.28889,0.004021997865878571,0.0312053478768025,Industrials,0.5628842873133777
2026-07-23T15:28:25,2026-07-23,TSCO,ok,2026-07-23,0.0,30.195,2026-07-24,30.0,0.025667,,1.0,-0.00646,0.3,0.4,0.35,0.3281317187499999,692.0,450.0,0.2,0.65,0.5,0.5820354296875,360.0,908.0,0.35,0.425,mid,0.775,0.28571,1.05882,0.008941877794336797,0.0375562812169508,Consumer Discretionary,0.6834276229781598
2026-07-23T15:28:20,2026-07-23,TMUS,ok,2026-07-23,0.0,174.31,2026-07-24,177.5,0.024382,,1.0,0.0183,0.7,1.9,1.05,0.6254920263671876,1114.0,7.0,2.1,3.8,3.0,0.3398503515625,140.0,250.0,1.2999999999999998,2.95,mid,4.25,0.92308,0.57627,0.008834834490276063,0.0517374315836768,Communication Services,0.47126421342671637
2026-07-23T15:28:18,2026-07-23,TMO,ok,2026-07-23,0.0,576.05,2026-07-24,580.0,0.023566,,1.0,0.00686,2.15,4.5,3.4,0.3678041735839844,618.0,783.0,7.5,13.0,8.92,0.6392858337402343,6.0,10.0,3.325,10.25,mid,13.575,0.70677,0.53659,0.005164482249804547,0.0339184517454784,Health Care,0.6947840714204043
2026-07-23T15:27:12,2026-07-23,PCG,ok,2026-07-23,0.0,17.555,2026-07-24,17.5,0.021931,,1.0,-0.00313,0.23,0.37,0.31,0.523442265625,311.0,1425.0,0.06,0.11,0.07,0.2617261328125,48.0,2022.0,0.3,0.0849999999999999,mid,0.385,0.46667,0.58824,0.009114212475078334,0.0092092233662213,Utilities,2.381416882605016
2026-07-23T15:26:50,2026-07-23,NEM,ok,2026-07-23,0.0,94.57,2026-07-24,95.0,0.062388,,1.0,0.00455,1.85,2.78,2.84,0.9018564501953124,733.0,687.0,2.62,4.55,2.66,1.203128984375,205.0,1153.0,2.315,3.585,mid,5.9,0.40173,0.53835,0.008882309400444002,0.0720333618466498,Materials,0.8660986853954756
2026-08-05T15:22:08,2026-08-05,APA,ok,2026-08-05,0.0,35.095,2026-08-07,35.0,0.051289,,2.0,-0.00271,0.9,0.99,1.05,0.7070341796875,45.0,144.0,0.78,0.93,0.95,0.710940390625,1.0,123.0,0.945,0.855,mid,1.8,0.09524,0.17544,0.0001424704373841132,0.0619177886894084,Energy,0.8283403055182662
2026-07-23T15:26:48,2026-07-23,NDAQ,ok,2026-07-23,0.0,91.38,2026-07-24,91.0,0.02517,,1.0,-0.00416,1.0,2.35,1.4,0.5488326367187502,35.0,75.0,0.15,1.1,0.52,0.4755911816406249,24.0,33.0,1.675,0.625,mid,2.3,0.80597,1.52,0.007332020135697108,0.0269199432804062,Financials,0.9349945405836013
2026-07-23T15:26:15,2026-07-23,LMT,ok,2026-07-23,0.0,569.52,2026-07-24,570.0,0.017603,,1.0,0.00084,2.85,6.2,5.65,0.3819641882324218,216.0,158.0,4.2,6.8,6.0,0.3903869555664062,53.0,6.0,4.525,5.5,mid,10.025,0.74033,0.47273,0.0008691529709228905,0.0503712125912619,Industrials,0.349465480270246
2026-07-22T15:18:48,2026-07-22,PM,ok,2026-07-22,0.0,193.62,2026-07-24,192.5,0.026728,,2.0,-0.00578,2.9,3.4,3.2,0.4016173120117187,150.0,411.0,1.8,2.25,2.55,0.3972228247070312,62.0,190.0,3.15,2.025,mid,5.175,0.15873,0.22222,2.5823778535251793e-05,0.0532096438447693,Consumer Staples,0.5023149577541752
2026-07-22T15:18:44,2026-07-22,PHM,ok,2026-07-22,0.0,125.75,2026-07-24,126.0,0.025447,,2.0,0.00199,1.65,2.05,1.7,0.4770560107421875,6.0,17.0,1.15,1.55,4.2,0.3122627368164062,1.0,14.0,1.85,1.35,mid,3.2,0.21622,0.2963,0.005964214711729622,0.0498011232835469,Consumer Discretionary,0.5109724103031845
2026-08-05T15:23:17,2026-08-05,DASH,ok,2026-08-05,0.0,203.77,2026-08-07,205.0,0.10134,,2.0,0.00604,10.45,10.9,10.5,1.527101973876953,175.0,156.0,9.7,10.25,10.15,1.2651403930664062,238.0,38.0,10.675,9.975,mid,20.65,0.04215,0.05514,0.009471462923884805,0.068946249885369,Consumer Discretionary,1.4698406391716634
2026-07-22T15:15:49,2026-07-22,GOOG,ok,2026-07-22,0.0,345.3,2026-07-24,345.0,0.056617,,2.0,-0.00087,10.2,10.3,10.25,0.8092060095214844,1605.0,1377.0,9.15,9.45,9.4,0.7570825073242189,2388.0,1678.0,10.25,9.3,mid,19.55,0.00976,0.03226,0.001882421083116065,0.0378209315417813,Communication Services,1.4969752909828364
2026-07-22T15:15:50,2026-07-22,GOOGL,ok,2026-07-22,0.0,345.78,2026-07-24,345.0,0.058419,,2.0,-0.00226,10.55,11.0,10.7,0.8315446533203124,1063.0,956.0,9.35,9.5,9.5,0.7851583984375,7329.0,2867.0,10.775,9.425,mid,20.2,0.04176,0.01592,0.0016484469894152156,0.0389113589377025,Communication Services,1.5013353836736836
2026-07-22T15:18:14,2026-07-22,NOW,ok,2026-07-22,0.0,95.83,2026-07-24,96.0,0.117135,,2.0,0.00177,5.45,5.5,5.45,1.6040058862304685,1755.0,247.0,5.7,5.8,5.76,1.6342791723632812,1234.0,1777.0,5.475,5.75,mid,11.225,0.00913,0.01739,0.0010956902848795157,0.0829544712050798,Information Technology,1.412039620027463
2026-08-05T15:23:24,2026-08-05,DIS,ok,2026-08-05,0.0,101.5791,2026-08-07,102.0,0.021461,,2.0,0.00414,0.9,1.02,0.98,0.331061376953125,2820.0,2926.0,1.15,1.29,1.25,0.2895578857421874,200.0,45.0,0.96,1.22,mid,2.18,0.125,0.11475,0.0015839872572212005,0.0640173891916305,Communication Services,0.3352370390451001
2026-08-05T15:23:32,2026-08-05,EBAY,ok,2026-08-05,0.0,108.14,2026-08-07,108.0,0.081607,,2.0,-0.00129,4.3,4.5,4.18,1.108402895507813,43.0,33.0,4.3,4.55,4.55,1.150394873046875,57.0,90.0,4.4,4.425,mid,8.825,0.04545,0.0565,0.0015257998890326617,0.0734645210470772,Consumer Discretionary,1.1108355276379598
2026-07-22T15:17:36,2026-07-22,LVS,ok,2026-07-22,0.0,45.4,2026-07-24,45.5,0.073789,,2.0,0.0022,1.53,1.84,1.8,1.0556687841796877,6.0,52.0,1.4,1.93,1.4,0.98242205078125,23.0,36.0,1.685,1.665,mid,3.35,0.18398,0.31832,0.002643171806167501,0.0776379963517902,Consumer Discretionary,0.9504238062204776
2026-08-05T15:23:51,2026-08-05,EXPE,ok,2026-08-05,0.0,318.435,2026-08-07,310.0,0.096252,,2.0,-0.02649,17.5,20.4,19.8,1.2624548596191407,1.0,85.0,10.6,12.8,12.4,1.3696320581054686,63.0,2.0,18.95,11.7,mid,30.65,0.15303,0.18803,0.003721324603137225,0.102335833792435,Consumer Discretionary,0.9405503080692666
2026-07-22T15:17:35,2026-07-22,LUV,ok,2026-07-22,0.0,47.37,2026-07-24,47.5,0.068292,,2.0,0.00274,1.56,1.76,1.8,1.0058643457031249,4.0,271.0,1.44,1.71,1.6,0.8798840136718749,34.0,96.0,1.66,1.575,mid,3.235,0.12048,0.17143,0.004538737597635557,0.0738492392091526,Industrials,0.9247488631072608
2026-07-22T15:16:17,2026-07-22,IBM,ok,2026-07-22,0.0,205.78,2026-07-24,205.0,0.065726,,2.0,-0.00379,7.0,7.3,7.0,0.9091805957031248,1274.0,2156.0,6.2,6.55,6.35,0.909913010253906,1064.0,3186.0,7.15,6.375,mid,13.525,0.04196,0.0549,2.4297793760304465e-05,0.064890894104779,Information Technology,1.0128693849382406
2026-08-05T15:23:14,2026-08-05,CVS,ok,2026-08-05,0.0,99.85,2026-08-07,100.0,0.025138,,2.0,0.0015,1.29,1.46,1.36,0.4243221630859375,897.0,214.0,1.02,1.25,1.1,0.3247137841796874,47.0,159.0,1.375,1.135,mid,2.51,0.12364,0.20264,0.0039058587881822793,0.0659805497045541,Health Care,0.38099106649705483
2026-07-22T15:20:16,2026-07-22,URI,ok,2026-07-22,0.0,1031.72,2026-07-24,1025.0,0.074536,,2.0,-0.00651,40.0,46.7,40.11,1.0731857864379886,3.0,12.0,30.0,37.1,31.84,0.9901124035644532,3.0,6.0,43.35,33.55,mid,76.9,0.15456,0.21162,0.002985306090799759,0.0668410582072625,Industrials,1.115122979784025
2026-08-05T15:24:41,2026-08-05,IRM,ok,2026-08-05,0.0,125.9,2026-08-07,126.0,0.027403,,2.0,0.00079,1.15,1.55,1.42,0.3483951879882812,32.0,5607.0,1.85,2.35,1.7,0.507817421875,11.0,65.0,1.35,2.1,mid,3.45,0.2963,0.2381,0.0051628276409849535,0.0514981122498741,Real Estate,0.5321165922944485
2026-07-22T15:20:03,2026-07-22,TXN,ok,2026-07-22,0.0,294.46,2026-07-24,295.0,0.09059,,2.0,0.00183,12.6,13.35,12.95,1.2429237072753905,120.0,287.0,13.25,14.15,13.75,1.260379674682617,50.0,348.0,12.975,13.7,mid,26.675,0.0578,0.06569,0.0006282686952385568,0.0657695308097256,Information Technology,1.37738552920624
2026-07-22T15:20:00,2026-07-22,TSLA,ok,2026-07-22,0.0,374.85,2026-07-24,375.0,0.057823,,2.0,0.0004,11.15,11.2,11.17,0.8281267187499999,18356.0,2247.0,10.45,10.55,10.48,0.770510107421875,18093.0,3906.0,11.175,10.5,mid,21.675,0.00447,0.00952,0.0022008803521408257,0.0749781615858953,Consumer Discretionary,0.7711978898516699
2026-08-05T15:22:46,2026-08-05,CF,ok,2026-08-05,0.0,117.195,2026-08-07,117.0,0.054397,,2.0,-0.00166,3.1,3.8,2.85,0.7915059912109376,58.0,16.0,2.75,3.1,2.9,0.7133817724609376,110.0,7.0,3.45,2.925,mid,6.375,0.2029,0.11966,0.0028158197875337047,0.0439421065861231,Materials,1.2379242650414612
2026-07-22T15:19:41,2026-07-22,T,ok,2026-07-22,0.0,22.78,2026-07-24,23.0,0.027217,,2.0,0.00966,0.18,0.19,0.18,0.3476627734374999,8003.0,8191.0,0.41,0.46,0.39,0.4062559375,4791.0,539.0,0.185,0.435,mid,0.62,0.05405,0.11494,0.0013169446883231403,0.0332231527769683,Communication Services,0.8192178563759903
2026-08-05T15:21:58,2026-08-05,ALB,ok,2026-08-05,0.0,119.65,2026-08-07,120.0,0.065399,,2.0,0.00293,3.55,4.5,3.9,0.9687503125,128.0,94.0,3.4,4.2,4.0,0.8359391406249999,25.0,99.0,4.025,3.8,mid,7.825,0.23602,0.21053,0.0048056832427914985,0.0321843697802425,Materials,2.0320112043998284
2026-07-23T15:27:47,2026-07-23,RTX,ok,2026-07-23,0.0,208.75,2026-07-24,205.0,0.025078,,1.0,-0.01796,4.1,5.1,4.28,0.4648491015625,303.0,750.0,0.51,0.76,0.64,0.348639326171875,420.0,47.0,4.6,0.635,mid,5.235,0.21739,0.3937,0.0010299401197604954,0.0426154149422965,Industrials,0.5884725054057768
2026-07-21T16:57:06,2026-07-21,GM,ok,2026-07-21,0.0,79.52,2026-07-24,80.0,0.034645,,3.0,0.00604,1.09,1.23,1.19,0.437505625,4008.0,8684.0,1.49,1.7,1.56,0.434575966796875,829.0,78.0,1.16,1.595,mid,2.755,0.12069,0.13166,0.0005658953722334219,0.077314704988771,Consumer Discretionary,0.4481036305452082
2026-08-04T14:16:55,2026-08-04,PFE,ok,2026-08-04,0.0,25.415,2026-08-07,25.5,0.022034,,3.0,0.00334,0.23,0.25,0.26,0.273444765625,15610.0,26122.0,0.3,0.34,0.31,0.2773509765624999,206.0,434.0,0.24,0.32,mid,0.56,0.08333,0.125,0.0001967342120794415,0.0301362747686228,Health Care,0.7311454441257385
2026-08-05T15:27:10,2026-08-05,UBER,ok,2026-08-05,0.0,67.625,2026-08-07,68.0,0.026765,,2.0,0.00555,0.76,0.78,0.76,0.39063109375,2976.0,447.0,1.0,1.08,1.06,0.35742830078125,4857.0,2553.0,0.77,1.04,mid,1.81,0.02597,0.07692,0.001552680221811309,0.0580443330581269,Industrials,0.46111305944711134
2026-07-21T16:57:15,2026-07-21,HAL,ok,2026-07-21,0.0,33.19,2026-07-24,33.0,0.031937,,3.0,-0.00572,0.56,0.7,0.63,0.4335994140625,1697.0,803.0,0.38,0.48,0.41,0.41211525390625,579.0,226.0,0.63,0.43,mid,1.06,0.22222,0.23256,0.00030129557095526113,0.0434990371002991,Energy,0.7342001600256205
2026-07-21T16:57:34,2026-07-21,IBKR,ok,2026-07-21,0.0,94.42,2026-07-24,94.0,0.05825,,3.0,-0.00445,2.65,3.2,2.95,0.6889679541015626,191.0,282.0,2.4,2.75,2.56,0.7065459033203125,279.0,81.0,2.925,2.575,mid,5.5,0.18803,0.13592,0.000741368354162332,0.0510756657703874,Financials,1.1404648206029286
2026-08-05T15:27:39,2026-08-05,XYZ,ok,2026-08-05,0.0,83.83,2026-08-07,84.0,0.093045,,2.0,0.00203,3.75,4.05,3.91,1.312015158691406,205.0,405.0,3.65,4.15,3.88,1.2587927685546876,1800.0,23.0,3.9,3.9,mid,7.8,0.07692,0.12821,0.002027913634736988,0.0876181436695801,Financials,1.06193758624795
2026-08-04T14:15:50,2026-08-04,KMB,ok,2026-08-04,0.0,111.115,2026-08-07,111.0,0.026549,,3.0,-0.00103,1.3,1.6,1.4,0.3344793115234374,47.0,97.0,1.3,1.7,2.84,0.37695935546875,3.0,40.0,1.4500000000000002,1.5,mid,2.95,0.2069,0.26667,0.0014849480268189898,0.033842382925842,Consumer Staples,0.7844896755106219
2026-07-21T16:56:34,2026-07-21,EQT,ok,2026-07-21,0.0,49.8,2026-07-24,50.0,0.042269,,3.0,0.00402,0.95,1.0,0.98,0.514653291015625,533.0,396.0,1.08,1.18,1.15,0.516606396484375,85.0,558.0,0.975,1.13,mid,2.105,0.05128,0.0885,0.0009036144578313596,0.0230651051437772,Energy,1.832595157772514
2026-08-04T14:16:09,2026-08-04,MCD,ok,2026-08-04,0.0,267.205,2026-08-07,267.5,0.022866,,3.0,0.0011,2.75,3.2,3.47,0.2995675512695312,273.0,233.0,2.92,3.35,3.25,0.2866282275390625,401.0,658.0,2.975,3.135,mid,6.11,0.15126,0.13716,0.0005052300668028209,0.0238557624890491,Consumer Discretionary,0.9585105489919492
2026-07-21T16:56:08,2026-07-21,DHI,ok,2026-07-21,0.0,143.52,2026-07-24,144.0,0.035013,,3.0,0.00334,1.9,2.75,2.1,0.497075341796875,13.0,25.0,2.2,3.2,2.94,0.492192578125,59.0,64.0,2.325,2.7,mid,5.025,0.36559,0.37037,0.0007316053511704972,0.0565509854175308,Consumer Discretionary,0.6191404047425489
2026-07-21T16:56:09,2026-07-21,DHR,ok,2026-07-21,0.0,179.01,2026-07-24,180.0,0.038266,,3.0,0.00553,2.5,3.2,2.15,0.4899953344726563,312.0,9.0,3.4,4.6,4.25,0.5451705639648439,410.0,238.0,2.85,4.0,mid,6.85,0.24561,0.3,0.0008938048153734238,0.0521625196202105,Health Care,0.7335918640167401
2026-08-04T14:16:20,2026-08-04,MOS,ok,2026-08-04,0.0,22.56,2026-08-07,22.5,0.068706,,3.0,-0.00266,0.8,0.85,0.8,0.8437515624999999,46.0,816.0,0.65,0.8,0.75,0.8027363476562499,239.0,399.0,0.825,0.7250000000000001,mid,1.55,0.06061,0.2069,0.0017730496453900331,0.0567088553210786,Materials,1.2115568126176246
2026-08-04T14:16:22,2026-08-04,MRK,ok,2026-08-04,0.0,128.64,2026-08-07,129.0,0.025731,,3.0,0.0028,1.49,1.79,1.68,0.3632876171875,190.0,98.0,1.42,1.92,1.95,0.3242255078124999,68.0,179.0,1.64,1.67,mid,3.31,0.18293,0.2994,0.002565298507462784,0.0372772737265154,Health Care,0.6902597059209694
2026-07-21T16:55:44,2026-07-21,COF,ok,2026-07-21,0.0,206.22,2026-07-24,205.0,0.050916,,3.0,-0.00592,5.7,6.1,5.89,0.6135292553710938,443.0,667.0,4.5,4.7,4.45,0.6042520043945314,554.0,1294.0,5.9,4.6,mid,10.5,0.0678,0.04348,0.00038793521481918583,0.0296524072835776,Financials,1.7170949904023078
2026-07-22T15:17:17,2026-07-22,KMI,ok,2026-07-22,0.0,32.515,2026-07-24,32.5,0.028141,,2.0,-0.00046,0.49,0.51,0.5,0.42774009765625,258.0,742.0,0.37,0.46,0.4,0.398443515625,212.0,1101.0,0.5,0.415,mid,0.915,0.04,0.21687,0.002152852529601731,0.0214763327078079,Energy,1.3103261335567364
2026-08-05T15:25:55,2026-08-05,OXY,ok,2026-08-05,0.0,54.075,2026-08-07,54.0,0.043273,,2.0,-0.00139,1.25,1.28,1.3,0.6279334082031252,695.0,1133.0,1.04,1.11,1.06,0.569340244140625,1107.0,1038.0,1.265,1.0750000000000002,mid,2.34,0.02372,0.06512,0.0021266759130835855,0.0403317996022281,Energy,1.0729250969899546
2026-07-21T16:59:44,2026-07-21,SCHW,ok,2026-07-21,0.0,99.96,2026-07-24,100.0,0.02466,,3.0,0.0004,1.17,1.35,1.33,0.3281317187499999,236.0,194.0,1.09,1.32,1.09,0.3115303222656249,679.0,1877.0,1.26,1.205,mid,2.465,0.14286,0.19087,0.0009503801520609552,0.0364657747349749,Financials,0.6762505439476706
2026-08-05T15:26:14,2026-08-05,PSX,ok,2026-08-05,0.0,203.3,2026-08-07,202.5,0.023733,,2.0,-0.00394,2.2,2.75,2.95,0.317389638671875,3.0,7.0,2.1,2.6,3.38,0.4065000756835937,10.0,119.0,2.475,2.35,mid,4.825,0.22222,0.21277,0.00332021642892283,0.0303183294605194,Energy,0.7827937891797492
2026-08-04T14:18:18,2026-08-04,WYNN,ok,2026-08-04,0.0,97.13,2026-08-07,97.0,0.056883,,3.0,-0.00134,2.8,3.45,3.2,0.754885263671875,8.0,56.0,2.18,2.62,2.56,0.6079140771484376,26.0,135.0,3.125,2.4000000000000004,mid,5.525,0.208,0.18333,0.0061258107690723654,0.0408500398752451,Consumer Discretionary,1.3924833408662296
2026-07-21T16:58:31,2026-07-21,MMM,ok,2026-07-21,0.0,170.76,2026-07-24,170.0,0.025504,,3.0,-0.00445,2.27,2.88,3.1,0.348639326171875,1127.0,1060.0,1.5,2.06,1.98,0.3403386279296875,3173.0,3.0,2.575,1.78,mid,4.355,0.23689,0.31461,0.0002049660342000269,0.0757121738357383,Industrials,0.33685467881733683
2026-08-05T15:27:25,2026-08-05,WBD,ok,2026-08-06,1.0,25.885,2026-08-07,26.0,0.013328,,1.0,0.00444,0.08,0.13,0.11,0.19336744140625,541.0,828.0,0.05,0.43,0.32,0.3945373046875,78.0,3457.0,0.105,0.24,mid,0.345,0.47619,1.58333,0.0007726482518833136,0.0537128350412491,Communication Services,0.2481343609914591
2026-08-05T15:24:00,2026-08-05,FISV,ok,2026-08-06,1.0,54.03,2026-08-07,54.0,0.092541,,1.0,-0.00056,2.55,2.85,2.68,1.375003125,924.0,914.0,2.2,2.4,2.28,1.185550947265625,668.0,674.0,2.7,2.3,mid,5.0,0.11111,0.08696,0.006848047381084667,0.1147702993456495,Financials,0.8063148787413864
2026-08-05T15:24:31,2026-08-05,HWM,ok,2026-08-06,1.0,290.925,2026-08-07,290.0,0.060669,,1.0,-0.00318,8.2,9.9,9.2,0.8168963623046874,215.0,97.0,8.0,9.2,8.33,0.8621839953613282,6.0,19.0,9.05,8.6,mid,17.65,0.18785,0.13953,0.0016327232104495065,0.0765723127856536,Industrials,0.7923098805939004
2026-08-05T15:24:57,2026-08-05,KVUE,ok,2026-08-06,1.0,19.515,2026-08-07,19.5,0.024596,,1.0,-0.00077,0.23,0.29,0.26,0.40039662109375,16.0,175.0,0.17,0.27,0.25,0.3945373046875,11.0,32.0,0.26,0.22,mid,0.48,0.23077,0.45455,0.001281065846784634,0.0601613753721997,Consumer Staples,0.4088337383883298
2026-08-05T15:27:06,2026-08-05,TTD,ok,2026-08-06,1.0,19.02,2026-08-07,19.0,0.133544,,1.0,-0.00105,1.22,1.31,1.28,1.828125859375,558.0,2964.0,1.22,1.33,1.31,1.87109439453125,102.0,427.0,1.265,1.275,mid,2.54,0.07115,0.08627,0.0015772870662459299,0.1530863667095308,Communication Services,0.8723441732299331
2026-08-05T15:25:14,2026-08-05,MCHP,ok,2026-08-06,1.0,78.75,2026-08-07,79.0,0.082857,,1.0,0.00317,2.75,3.4,2.95,1.1215864233398438,88.0,150.0,3.2,3.7,3.45,1.1655315161132815,7.0,15.0,3.075,3.45,mid,6.525,0.21138,0.14493,0.0015873015873015873,0.0665796802419584,Information Technology,1.2444787914103508
2026-08-05T15:21:44,2026-08-05,ABNB,ok,2026-08-06,1.0,151.82,2026-08-07,152.5,0.070149,,1.0,0.00448,5.0,5.3,5.15,0.9965820654296876,125.0,314.0,5.35,5.65,5.45,0.936524072265625,100.0,166.0,5.15,5.5,mid,10.65,0.05825,0.05455,0.002173626663153817,0.0716645105363638,Consumer Discretionary,0.9788527051252962
2026-08-05T15:21:53,2026-08-05,AFL,ok,2026-08-06,1.0,124.98,2026-08-07,125.0,0.034406,,1.0,0.00016,2.0,2.35,2.0,0.5219774365234374,11.0,61.0,1.95,2.3,2.15,0.5065967309570312,3.0,183.0,2.175,2.125,mid,4.3,0.16092,0.16471,0.0005600896143382395,0.0371690004512524,Financials,0.9256638484299273
2026-08-05T15:21:54,2026-08-05,AIG,ok,2026-08-06,1.0,79.6813,2026-08-07,80.0,0.037964,,1.0,0.004,1.3,1.6,1.45,0.5556685058593751,8.0,250.0,1.45,1.7,1.55,0.5317429638671876,41.0,20.0,1.4500000000000002,1.575,mid,3.025,0.2069,0.15873,0.0024309342342558027,0.0344441721480739,Financials,1.1021893583853466
2026-08-05T15:21:56,2026-08-05,AKAM,ok,2026-08-06,1.0,123.6701,2026-08-07,124.0,0.142718,,1.0,0.00267,8.1,9.7,9.3,2.026372121582031,1.0,27.0,8.2,9.3,16.0,1.9189457177734377,1.0,0.0,8.899999999999999,8.75,mid,17.65,0.17978,0.12571,0.0038804852587650583,0.1289702954201771,Information Technology,1.1065958989628872
2026-08-05T15:22:59,2026-08-05,COP,ok,2026-08-06,1.0,115.71,2026-08-07,116.0,0.033273,,1.0,0.00251,1.69,2.03,2.0,0.5185595019531251,118.0,98.0,1.87,2.11,1.96,0.4682670361328125,71.0,190.0,1.86,1.99,mid,3.85,0.1828,0.1206,0.0013827672629851422,0.0217658406910321,Energy,1.5286797543137878
2026-08-05T15:23:19,2026-08-05,DDOG,ok,2026-08-06,1.0,286.475,2026-08-07,285.0,0.135788,,1.0,-0.00515,20.05,22.2,20.8,1.9746095019531251,77.0,91.0,16.55,19.0,17.8,1.7924815063476562,159.0,43.0,21.125,17.775,mid,38.9,0.10178,0.13783,0.00654507374116415,0.0800407353414956,Information Technology,1.6964861632099886
2026-08-05T15:22:45,2026-08-05,CEG,ok,2026-08-06,1.0,265.78,2026-08-07,265.0,0.063963,,1.0,-0.00293,8.0,9.1,9.1,0.84961087890625,121.0,316.0,7.6,9.3,8.2,0.9206550903320312,40.0,81.0,8.55,8.45,mid,17.0,0.12865,0.20118,0.0025585070358941607,0.0558946253523817,Utilities,1.144349740189725
