ticker,modal_timing,agreement_share,n_events,n_bmo,n_amc,recent_timing,switched,confidence
A,AMC,1.0,42,0,42,AMC,False,high
AAPL,AMC,1.0,43,0,43,AMC,False,high
ABBV,BMO,0.7,60,42,18,BMO,False,medium
ABNB,AMC,1.0,22,0,22,AMC,False,high
ABT,BMO,0.955,44,42,2,BMO,False,high
ACGL,AMC,0.961,51,2,49,AMC,False,high
ACN,BMO,0.976,42,41,1,BMO,False,high
ADBE,AMC,0.929,42,3,39,AMC,False,high
ADI,BMO,1.0,42,42,0,BMO,False,high
ADM,BMO,0.588,17,10,7,BMO,False,low
ADP,BMO,1.0,41,41,0,BMO,False,high
ADSK,AMC,1.0,44,0,44,AMC,False,high
AEE,AMC,0.619,42,16,26,AMC,False,low
AEP,BMO,0.976,42,41,1,BMO,False,high
AES,BMO,0.619,42,26,16,AMC,True,low
AFL,AMC,0.977,43,1,42,AMC,False,high
AIG,AMC,0.898,49,5,44,AMC,False,medium
AIZ,AMC,0.962,52,2,50,AMC,False,high
AJG,AMC,1.0,42,0,42,AMC,False,high
AKAM,AMC,1.0,42,0,42,AMC,False,high
ALB,AMC,0.978,45,1,44,AMC,False,high
ALGN,AMC,1.0,41,0,41,AMC,False,high
ALL,AMC,0.9,50,5,45,AMC,False,high
ALLE,BMO,1.0,43,43,0,BMO,False,high
AMAT,AMC,1.0,41,0,41,AMC,False,high
AMCR,AMC,0.857,28,4,24,AMC,False,medium
AMD,AMC,0.977,44,1,43,AMC,False,high
AME,AMC,0.905,21,2,19,AMC,False,high
AMGN,AMC,0.976,42,1,41,AMC,False,high
AMP,AMC,0.878,41,5,36,BMO,True,medium
AMT,BMO,1.0,42,42,0,BMO,False,high
AMZN,AMC,1.0,42,0,42,AMC,False,high
ANET,AMC,1.0,43,0,43,AMC,False,high
AON,BMO,1.0,42,42,0,BMO,False,high
AOS,BMO,1.0,45,45,0,BMO,False,high
APA,BMO,0.625,16,10,6,AMC,True,low
APD,BMO,0.955,44,42,2,BMO,False,high
APH,BMO,0.889,9,8,1,BMO,False,medium
APO,BMO,0.704,27,19,8,BMO,False,medium
APP,AMC,1.0,22,0,22,AMC,False,high
APTV,BMO,1.0,30,30,0,BMO,False,high
ARE,AMC,0.977,43,1,42,AMC,False,high
ARES,BMO,0.881,42,37,5,BMO,False,medium
ATO,AMC,0.978,45,1,44,AMC,False,high
AVB,BMO,1.0,42,42,0,BMO,False,high
AVGO,AMC,0.97,33,1,32,AMC,False,high
AVY,BMO,0.977,43,42,1,BMO,False,high
AWK,AMC,0.953,43,2,41,AMC,False,high
AXON,AMC,0.976,42,1,41,AMC,False,high
AXP,BMO,0.69,42,29,13,BMO,False,low
AZO,BMO,0.976,42,41,1,BMO,False,high
BA,BMO,0.913,46,42,4,BMO,False,high
BAC,BMO,1.0,43,43,0,BMO,False,high
BALL,BMO,1.0,29,29,0,BMO,False,high
BAX,BMO,0.978,46,45,1,BMO,False,high
BBY,BMO,1.0,42,42,0,BMO,False,high
BDX,BMO,0.898,49,44,5,BMO,False,medium
BEN,BMO,1.0,42,42,0,BMO,False,high
BF-B,BMO,0.976,41,40,1,BMO,False,high
BG,BMO,1.0,10,10,0,BMO,False,high
BIIB,BMO,0.891,46,41,5,BMO,False,medium
BKNG,AMC,0.93,43,3,40,AMC,False,high
BKR,BMO,0.703,37,26,11,AMC,True,medium
BLDR,BMO,0.532,47,25,22,BMO,False,low
BLK,BMO,1.0,7,7,0,BMO,False,medium
BMY,BMO,0.977,43,42,1,BMO,False,high
BNY,BMO,0.977,43,42,1,BMO,False,high
BR,BMO,0.978,46,45,1,BMO,False,high
BRK-B,AMC,0.765,34,8,26,AMC,False,medium
BRO,AMC,0.976,42,1,41,AMC,False,high
BSX,BMO,1.0,48,48,0,BMO,False,high
BX,BMO,0.976,42,41,1,BMO,False,high
BXP,AMC,0.881,42,5,37,AMC,False,medium
C,BMO,0.903,31,28,3,BMO,False,high
CAG,BMO,0.951,41,39,2,BMO,False,high
CAH,BMO,0.978,45,44,1,BMO,False,high
CARR,BMO,0.96,25,24,1,BMO,False,high
CASY,AMC,0.918,61,5,56,AMC,False,high
CAT,BMO,0.977,43,42,1,BMO,False,high
CB,AMC,0.96,50,2,48,AMC,False,high
CBOE,BMO,0.955,44,42,2,BMO,False,high
CBRE,BMO,0.953,43,41,2,BMO,False,high
CCI,AMC,0.933,45,3,42,AMC,False,high
CCL,BMO,0.971,35,34,1,BMO,False,high
CDNS,AMC,0.977,44,1,43,AMC,False,high
CDW,BMO,0.977,44,43,1,BMO,False,high
CEG,BMO,1.0,17,17,0,BMO,False,high
CF,AMC,0.875,56,7,49,AMC,False,medium
CFG,BMO,1.0,42,42,0,BMO,False,high
CHD,BMO,0.953,43,41,2,BMO,False,high
CHRW,AMC,0.955,44,2,42,AMC,False,high
CHTR,BMO,1.0,41,41,0,BMO,False,high
CI,BMO,0.967,30,29,1,BMO,False,high
CIEN,BMO,1.0,43,43,0,BMO,False,high
CINF,AMC,0.92,50,4,46,AMC,False,high
CL,BMO,0.952,42,40,2,BMO,False,high
CLX,BMO,0.535,43,23,20,AMC,True,low
CMCSA,BMO,1.0,42,42,0,BMO,False,high
CME,BMO,1.0,42,42,0,BMO,False,high
CMG,AMC,0.955,44,2,42,AMC,False,high
CMI,BMO,0.976,42,41,1,BMO,False,high
CMS,BMO,1.0,43,43,0,BMO,False,high
CNC,BMO,0.673,49,33,16,BMO,False,low
CNP,BMO,0.935,46,43,3,BMO,False,high
COF,AMC,1.0,42,0,42,AMC,False,high
COHR,BMO,0.643,42,27,15,AMC,True,low
COIN,AMC,0.957,23,1,22,AMC,False,high
COO,AMC,1.0,41,0,41,AMC,False,high
COP,BMO,0.977,43,42,1,BMO,False,high
COR,BMO,1.0,42,42,0,BMO,False,high
COST,AMC,0.976,42,1,41,AMC,False,high
CPAY,AMC,0.977,43,1,42,AMC,False,high
CPRT,AMC,0.952,42,2,40,AMC,False,high
CPT,AMC,0.951,41,2,39,AMC,False,high
CRH,BMO,0.5,10,5,5,AMC,True,low
CRL,BMO,1.0,45,45,0,BMO,False,high
CRM,AMC,0.977,43,1,42,AMC,False,high
CRWD,AMC,0.967,30,1,29,AMC,False,high
CSCO,AMC,1.0,42,0,42,AMC,False,high
CSGP,AMC,1.0,42,0,42,AMC,False,high
CSX,AMC,0.976,42,1,41,AMC,False,high
CTAS,BMO,0.575,40,23,17,BMO,False,low
CTSH,AMC,0.614,44,17,27,AMC,False,low
CTVA,AMC,0.833,30,5,25,AMC,False,medium
CVNA,AMC,0.974,38,1,37,AMC,False,high
CVS,BMO,1.0,46,46,0,BMO,False,high
CVX,BMO,0.976,41,40,1,BMO,False,high
D,BMO,0.976,42,41,1,BMO,False,high
DAL,BMO,1.0,41,41,0,BMO,False,high
DASH,AMC,0.955,22,1,21,AMC,False,high
DD,BMO,0.951,41,39,2,BMO,False,high
DDOG,BMO,0.704,27,19,8,BMO,False,medium
DE,BMO,1.0,41,41,0,BMO,False,high
DECK,AMC,0.976,42,1,41,AMC,False,high
DELL,AMC,0.78,41,9,32,AMC,False,medium
DG,BMO,1.0,43,43,0,BMO,False,high
DGX,BMO,0.977,44,43,1,BMO,False,high
DHI,AMC,1.0,38,0,38,AMC,False,high
DHR,AMC,0.759,54,13,41,AMC,False,medium
DIS,AMC,0.69,29,9,20,BMO,True,low
DLR,AMC,0.976,42,1,41,AMC,False,high
DLTR,BMO,0.955,44,42,2,BMO,False,high
DOC,AMC,0.69,42,13,29,AMC,False,low
DOV,BMO,0.953,43,41,2,BMO,False,high
DOW,BMO,0.964,28,27,1,BMO,False,high
DPZ,BMO,0.977,43,42,1,BMO,False,high
DRI,BMO,0.976,42,41,1,BMO,False,high
DTE,BMO,0.5,84,42,42,BMO,False,low
DUK,BMO,0.56,50,28,22,AMC,True,low
DVA,AMC,0.953,43,2,41,AMC,False,high
DVN,AMC,0.955,44,2,42,AMC,False,high
DXCM,AMC,0.796,54,11,43,AMC,False,medium
EA,AMC,0.977,44,1,43,AMC,False,high
EBAY,AMC,0.977,43,1,42,AMC,False,high
ECHO,BMO,0.75,4,3,1,BMO,False,medium
ECL,BMO,0.81,58,47,11,BMO,False,medium
ED,AMC,0.905,42,4,38,AMC,False,high
EFX,AMC,0.783,46,10,36,BMO,True,medium
EG,AMC,1.0,43,0,43,AMC,False,high
EIX,AMC,1.0,42,0,42,AMC,False,high
EL,BMO,1.0,39,39,0,BMO,False,high
ELV,BMO,0.977,44,43,1,BMO,False,high
EME,AMC,0.824,34,6,28,AMC,False,medium
EMR,BMO,0.96,50,48,2,BMO,False,high
EOG,AMC,1.0,48,0,48,AMC,False,high
EQIX,AMC,0.977,43,1,42,AMC,False,high
EQR,AMC,1.0,42,0,42,AMC,False,high
EQT,AMC,0.6,60,24,36,AMC,False,low
ERIE,AMC,1.0,42,0,42,AMC,False,high
ES,AMC,0.915,47,4,43,AMC,False,high
ESS,AMC,0.952,42,2,40,AMC,False,high
ETN,BMO,0.977,43,42,1,BMO,False,high
ETR,BMO,0.949,39,37,2,BMO,False,high
EVRG,BMO,0.75,32,24,8,BMO,False,medium
EW,AMC,1.0,43,0,43,AMC,False,high
EXC,BMO,1.0,41,41,0,BMO,False,high
EXE,AMC,0.512,43,21,22,AMC,False,low
EXPD,AMC,1.0,42,0,42,AMC,False,high
EXPE,AMC,0.953,43,2,41,AMC,False,high
EXR,AMC,1.0,41,0,41,AMC,False,high
F,AMC,0.778,45,10,35,AMC,False,medium
FANG,AMC,0.966,59,2,57,AMC,False,high
FAST,BMO,1.0,42,42,0,BMO,False,high
FCX,BMO,0.574,47,27,20,BMO,False,low
FDS,BMO,0.889,36,32,4,BMO,False,medium
FDX,AMC,1.0,45,0,45,AMC,False,high
FE,AMC,0.841,44,7,37,AMC,False,medium
FFIV,AMC,0.977,44,1,43,AMC,False,high
FICO,AMC,1.0,42,0,42,AMC,False,high
FIS,BMO,0.917,48,44,4,BMO,False,high
FISV,AMC,0.511,47,23,24,BMO,True,low
FITB,BMO,1.0,42,42,0,BMO,False,high
FIX,AMC,1.0,42,0,42,AMC,False,high
FLEX,AMC,0.756,41,10,31,BMO,True,medium
FOX,BMO,0.7,30,21,9,BMO,False,medium
FOXA,BMO,0.7,30,21,9,BMO,False,medium
FRT,AMC,0.907,43,4,39,AMC,False,high
FSLR,AMC,1.0,43,0,43,AMC,False,high
FTNT,AMC,0.977,44,1,43,AMC,False,high
FTV,AMC,0.533,45,21,24,BMO,True,low
GD,BMO,1.0,40,40,0,BMO,False,high
GDDY,AMC,0.957,46,2,44,AMC,False,high
GE,BMO,1.0,44,44,0,BMO,False,high
GEHC,BMO,0.933,15,14,1,BMO,False,high
GEN,AMC,0.956,45,2,43,AMC,False,high
GEV,BMO,1.0,8,8,0,BMO,False,high
GILD,AMC,0.977,43,1,42,AMC,False,high
GIS,BMO,1.0,43,43,0,BMO,False,high
GL,AMC,1.0,42,0,42,AMC,False,high
GLW,BMO,1.0,43,43,0,BMO,False,high
GM,BMO,0.946,37,35,2,BMO,False,high
GNRC,BMO,1.0,43,43,0,BMO,False,high
GOOG,AMC,1.0,43,0,43,AMC,False,high
GOOGL,AMC,1.0,43,0,43,AMC,False,high
GPC,BMO,0.973,37,36,1,BMO,False,high
GPN,BMO,0.955,44,42,2,BMO,False,high
GRMN,BMO,0.946,37,35,2,BMO,False,high
GS,BMO,0.956,45,43,2,BMO,False,high
GWW,BMO,0.976,41,40,1,BMO,False,high
HAL,AMC,0.698,43,13,30,BMO,True,low
HAS,BMO,1.0,44,44,0,BMO,False,high
HBAN,BMO,0.977,43,42,1,BMO,False,high
HCA,BMO,0.932,44,41,3,BMO,False,high
HD,BMO,1.0,42,42,0,BMO,False,high
HIG,AMC,0.935,46,3,43,AMC,False,high
HII,BMO,1.0,42,42,0,BMO,False,high
HLT,BMO,1.0,45,45,0,BMO,False,high
HON,BMO,0.904,52,47,5,BMO,False,high
HOOD,AMC,1.0,32,0,32,AMC,False,high
HPE,AMC,0.981,52,1,51,AMC,False,high
HPQ,AMC,1.0,45,0,45,AMC,False,high
HRL,BMO,0.727,44,32,12,AMC,True,medium
HSIC,BMO,0.977,44,43,1,BMO,False,high
HST,AMC,0.857,42,6,36,AMC,False,medium
HSY,BMO,1.0,42,42,0,BMO,False,high
HUBB,BMO,0.976,42,41,1,BMO,False,high
HUM,BMO,0.977,44,43,1,BMO,False,high
HWM,BMO,0.796,49,39,10,BMO,False,medium
IBKR,AMC,0.977,44,1,43,AMC,False,high
IBM,AMC,0.978,46,1,45,AMC,False,high
ICE,BMO,0.977,43,42,1,BMO,False,high
IDXX,BMO,0.977,43,42,1,BMO,False,high
IEX,BMO,0.906,32,29,3,BMO,False,high
IFF,AMC,0.933,45,3,42,AMC,False,high
INCY,BMO,0.976,41,40,1,BMO,False,high
INTC,AMC,1.0,43,0,43,AMC,False,high
INTU,AMC,0.961,51,2,49,AMC,False,high
INVH,AMC,0.846,39,6,33,AMC,False,medium
IP,BMO,1.0,42,42,0,BMO,False,high
IQV,BMO,1.0,42,42,0,BMO,False,high
IR,AMC,0.838,37,6,31,AMC,False,medium
IRM,BMO,0.976,42,41,1,BMO,False,high
ISRG,AMC,0.811,53,10,43,AMC,False,medium
IT,BMO,0.977,43,42,1,BMO,False,high
ITW,BMO,1.0,32,32,0,BMO,False,high
IVZ,BMO,1.0,42,42,0,BMO,False,high
J,BMO,0.911,45,41,4,BMO,False,high
JBHT,AMC,0.933,45,3,42,AMC,False,high
JBL,BMO,0.69,42,29,13,BMO,False,low
JCI,BMO,0.977,44,43,1,BMO,False,high
JKHY,AMC,1.0,53,0,53,AMC,False,high
JNJ,BMO,0.978,45,44,1,BMO,False,high
JPM,BMO,1.0,42,42,0,BMO,False,high
KDP,BMO,0.95,40,38,2,BMO,False,high
KEY,BMO,0.976,41,40,1,BMO,False,high
KEYS,AMC,1.0,42,0,42,AMC,False,high
KHC,BMO,0.711,45,32,13,BMO,False,medium
KIM,BMO,0.805,41,33,8,BMO,False,medium
KKR,BMO,0.955,44,42,2,BMO,False,high
KLAC,AMC,0.977,43,1,42,AMC,False,high
KMB,BMO,1.0,42,42,0,BMO,False,high
KMI,AMC,1.0,42,0,42,AMC,False,high
KO,BMO,1.0,42,42,0,BMO,False,high
KR,BMO,1.0,43,43,0,BMO,False,high
KVUE,BMO,0.923,13,12,1,BMO,False,high
L,BMO,0.947,38,36,2,BMO,False,high
LDOS,BMO,0.881,42,37,5,AMC,True,medium
LEN,AMC,0.686,35,11,24,AMC,False,low
LH,BMO,1.0,42,42,0,BMO,False,high
LHX,BMO,0.696,46,32,14,BMO,False,low
LII,BMO,1.0,42,42,0,BMO,False,high
LIN,BMO,0.867,30,26,4,BMO,False,medium
LITE,BMO,0.66,47,31,16,AMC,True,low
LLY,BMO,0.911,45,41,4,BMO,False,high
LMT,BMO,0.977,43,42,1,BMO,False,high
LNT,AMC,0.932,44,3,41,AMC,False,high
LOW,BMO,0.952,42,40,2,BMO,False,high
LRCX,AMC,1.0,41,0,41,AMC,False,high
LULU,AMC,0.952,42,2,40,AMC,False,high
LUV,BMO,0.857,49,42,7,AMC,True,medium
LVS,AMC,0.957,46,2,44,AMC,False,high
LYB,BMO,1.0,41,41,0,BMO,False,high
LYV,AMC,0.976,42,1,41,AMC,False,high
MA,BMO,1.0,43,43,0,BMO,False,high
MAA,AMC,1.0,41,0,41,AMC,False,high
MAR,BMO,0.619,42,26,16,BMO,False,low
MAS,BMO,0.977,43,42,1,BMO,False,high
MCD,BMO,0.977,44,43,1,BMO,False,high
MCHP,AMC,0.917,48,4,44,AMC,False,high
MCK,AMC,0.721,43,12,31,AMC,False,medium
MCO,BMO,1.0,44,44,0,BMO,False,high
MDLZ,AMC,0.881,42,5,37,AMC,False,medium
MDT,BMO,0.955,44,42,2,BMO,False,high
MET,AMC,0.913,69,6,63,AMC,False,high
META,AMC,1.0,42,0,42,AMC,False,high
MGM,AMC,0.723,47,13,34,AMC,False,medium
MKC,BMO,0.977,43,42,1,BMO,False,high
MLM,BMO,0.65,40,26,14,BMO,False,low
MMM,BMO,0.84,50,42,8,BMO,False,medium
MNST,AMC,0.977,43,1,42,AMC,False,high
MO,BMO,1.0,41,41,0,BMO,False,high
MOS,AMC,0.792,53,11,42,AMC,False,medium
MPC,BMO,0.918,49,45,4,BMO,False,high
MPWR,AMC,1.0,42,0,42,AMC,False,high
MRK,BMO,0.977,43,42,1,BMO,False,high
MRNA,BMO,0.974,39,38,1,BMO,False,high
MRSH,BMO,1.0,42,42,0,BMO,False,high
MRVL,AMC,0.957,23,1,22,AMC,False,high
MS,BMO,1.0,41,41,0,BMO,False,high
MSCI,BMO,1.0,43,43,0,BMO,False,high
MSFT,AMC,1.0,42,0,42,AMC,False,high
MSI,AMC,1.0,43,0,43,AMC,False,high
MTB,BMO,1.0,33,33,0,BMO,False,high
MTD,AMC,0.955,44,2,42,AMC,False,high
MU,AMC,1.0,42,0,42,AMC,False,high
NCLH,BMO,0.957,47,45,2,BMO,False,high
NDAQ,BMO,0.977,43,42,1,BMO,False,high
NDSN,AMC,0.953,43,2,41,AMC,False,high
NEE,BMO,0.977,43,42,1,BMO,False,high
NEM,BMO,0.674,43,29,14,AMC,True,low
NFLX,AMC,0.977,44,1,43,AMC,False,high
NI,BMO,1.0,42,42,0,BMO,False,high
NKE,AMC,1.0,53,0,53,AMC,False,high
NOC,BMO,1.0,42,42,0,BMO,False,high
NOW,AMC,1.0,43,0,43,AMC,False,high
NRG,BMO,0.977,43,42,1,BMO,False,high
NSC,BMO,0.886,44,39,5,BMO,False,medium
NTAP,AMC,1.0,43,0,43,AMC,False,high
NTRS,BMO,0.977,43,42,1,BMO,False,high
NUE,AMC,0.957,23,1,22,AMC,False,high
NVDA,AMC,0.977,43,1,42,AMC,False,high
NVR,AMC,0.542,24,11,13,AMC,False,low
NWS,AMC,0.977,44,1,43,AMC,False,high
NWSA,AMC,0.977,44,1,43,AMC,False,high
NXPI,BMO,0.897,29,26,3,BMO,False,medium
O,AMC,1.0,45,0,45,AMC,False,high
ODFL,BMO,1.0,38,38,0,BMO,False,high
OKE,AMC,0.977,43,1,42,AMC,False,high
OMC,BMO,0.548,42,23,19,AMC,True,low
ON,BMO,0.929,42,39,3,BMO,False,high
ORCL,AMC,1.0,43,0,43,AMC,False,high
ORLY,AMC,0.976,42,1,41,AMC,False,high
OTIS,BMO,1.0,25,25,0,BMO,False,high
OXY,AMC,0.719,57,16,41,BMO,True,medium
PANW,AMC,0.952,42,2,40,AMC,False,high
PAYX,BMO,0.658,38,25,13,BMO,False,low
PCAR,BMO,1.0,42,42,0,BMO,False,high
PCG,BMO,0.929,42,39,3,BMO,False,high
PEG,BMO,0.969,32,31,1,BMO,False,high
PEP,AMC,0.524,42,20,22,AMC,False,low
PFE,BMO,0.957,46,44,2,BMO,False,high
PFG,AMC,0.911,45,4,41,AMC,False,high
PG,BMO,1.0,42,42,0,BMO,False,high
PGR,BMO,0.882,34,30,4,BMO,False,medium
PH,BMO,1.0,38,38,0,BMO,False,high
PHM,BMO,1.0,42,42,0,BMO,False,high
PKG,AMC,0.929,42,3,39,AMC,False,high
PLD,BMO,0.952,42,40,2,BMO,False,high
PLTR,AMC,0.625,24,9,15,AMC,False,low
PM,BMO,0.972,36,35,1,BMO,False,high
PNC,AMC,0.694,49,15,34,BMO,True,low
PNR,BMO,0.977,44,43,1,BMO,False,high
PNW,BMO,1.0,42,42,0,BMO,False,high
PODD,AMC,0.889,45,5,40,BMO,True,medium
PPG,AMC,0.911,45,4,41,AMC,False,high
PPL,BMO,0.857,42,36,6,BMO,False,medium
PRU,AMC,1.0,48,0,48,AMC,False,high
PSA,AMC,0.902,41,4,37,AMC,False,high
PSKY,AMC,1.0,3,0,3,AMC,False,low
PSX,BMO,0.929,28,26,2,BMO,False,high
PTC,AMC,0.977,44,1,43,AMC,False,high
PWR,BMO,1.0,42,42,0,BMO,False,high
PYPL,AMC,0.792,48,10,38,BMO,True,medium
Q,BMO,0.75,4,3,1,BMO,False,medium
QCOM,AMC,1.0,42,0,42,AMC,False,high
RCL,BMO,1.0,42,42,0,BMO,False,high
REG,AMC,0.844,45,7,38,AMC,False,medium
REGN,BMO,0.966,58,56,2,BMO,False,high
RF,BMO,0.558,43,24,19,BMO,False,low
RJF,AMC,1.0,53,0,53,AMC,False,high
RL,BMO,1.0,42,42,0,BMO,False,high
RMD,AMC,1.0,42,0,42,AMC,False,high
ROK,BMO,1.0,43,43,0,BMO,False,high
ROL,BMO,0.625,40,25,15,AMC,True,low
ROP,BMO,1.0,41,41,0,BMO,False,high
ROST,AMC,1.0,42,0,42,AMC,False,high
RSG,AMC,1.0,42,0,42,AMC,False,high
RTX,BMO,1.0,41,41,0,BMO,False,high
RVTY,AMC,0.529,51,24,27,BMO,True,low
SBAC,AMC,1.0,42,0,42,AMC,False,high
SBUX,AMC,0.955,44,2,42,AMC,False,high
SCHW,AMC,1.0,42,0,42,AMC,False,high
SHW,BMO,1.0,44,44,0,BMO,False,high
SJM,BMO,1.0,42,42,0,BMO,False,high
SLB,BMO,0.905,42,38,4,BMO,False,high
SMCI,AMC,0.912,57,5,52,AMC,False,high
SNA,BMO,1.0,42,42,0,BMO,False,high
SNDK,AMC,1.0,5,0,5,AMC,False,medium
SNPS,AMC,1.0,44,0,44,AMC,False,high
SO,BMO,0.917,48,44,4,BMO,False,high
SOLV,AMC,0.889,9,1,8,AMC,False,medium
SPG,AMC,0.561,41,18,23,AMC,False,low
SPGI,BMO,0.93,43,40,3,BMO,False,high
SRE,AMC,1.0,8,0,8,AMC,False,high
STE,AMC,0.967,30,1,29,AMC,False,high
STLD,AMC,0.75,32,8,24,AMC,False,medium
STT,BMO,0.977,43,42,1,BMO,False,high
STX,AMC,0.531,49,23,26,AMC,False,low
STZ,BMO,0.822,45,37,8,AMC,True,medium
SW,BMO,0.875,8,7,1,BMO,False,medium
SWK,BMO,0.977,44,43,1,BMO,False,high
SWKS,AMC,0.956,45,2,43,AMC,False,high
SYF,BMO,1.0,42,42,0,BMO,False,high
SYK,AMC,0.978,45,1,44,AMC,False,high
SYY,BMO,0.977,44,43,1,BMO,False,high
T,BMO,0.75,44,33,11,BMO,False,medium
TAP,BMO,0.953,43,41,2,BMO,False,high
TDG,BMO,1.0,47,47,0,BMO,False,high
TDY,BMO,0.977,43,42,1,BMO,False,high
TECH,BMO,0.976,41,40,1,BMO,False,high
TEL,BMO,0.977,43,42,1,BMO,False,high
TER,BMO,1.0,41,41,0,BMO,False,high
TFC,BMO,0.81,42,34,8,BMO,False,medium
TGT,BMO,1.0,43,43,0,BMO,False,high
TJX,BMO,1.0,30,30,0,BMO,False,high
TKO,AMC,0.923,13,1,12,AMC,False,high
TMO,BMO,1.0,45,45,0,BMO,False,high
TMUS,AMC,0.605,43,17,26,BMO,True,low
TPL,AMC,1.0,22,0,22,AMC,False,high
TPR,BMO,0.957,46,44,2,BMO,False,high
TRGP,BMO,0.956,45,43,2,BMO,False,high
TRMB,AMC,0.617,47,18,29,BMO,True,low
TROW,BMO,0.95,20,19,1,BMO,False,high
TRV,BMO,1.0,44,44,0,BMO,False,high
TSCO,BMO,0.739,46,34,12,BMO,False,medium
TSLA,AMC,0.628,86,32,54,BMO,True,low
TSN,BMO,1.0,42,42,0,BMO,False,high
TT,BMO,1.0,41,41,0,BMO,False,high
TTD,AMC,0.821,39,7,32,AMC,False,medium
TTWO,AMC,0.976,41,1,40,AMC,False,high
TXN,AMC,0.977,43,1,42,AMC,False,high
TXT,BMO,1.0,41,41,0,BMO,False,high
TYL,AMC,0.907,43,4,39,AMC,False,high
UAL,AMC,0.915,59,5,54,AMC,False,high
UBER,BMO,0.6,35,21,14,BMO,False,low
UDR,AMC,1.0,42,0,42,AMC,False,high
UHS,BMO,0.614,44,27,17,BMO,False,low
ULTA,AMC,1.0,42,0,42,AMC,False,high
UNH,BMO,1.0,42,42,0,BMO,False,high
UNP,BMO,0.977,43,42,1,BMO,False,high
UPS,BMO,1.0,42,42,0,BMO,False,high
URI,AMC,1.0,42,0,42,AMC,False,high
USB,BMO,1.0,42,42,0,BMO,False,high
V,AMC,0.976,42,1,41,AMC,False,high
VEEV,AMC,0.933,45,3,42,AMC,False,high
VICI,AMC,0.971,35,1,34,AMC,False,high
VLO,BMO,0.978,45,44,1,BMO,False,high
VLTO,AMC,1.0,11,0,11,AMC,False,high
VMC,BMO,0.795,39,31,8,BMO,False,medium
VRSK,AMC,0.707,41,12,29,BMO,True,medium
VRSN,AMC,1.0,41,0,41,AMC,False,high
VRT,BMO,0.926,27,25,2,BMO,False,high
VRTX,AMC,0.977,43,1,42,AMC,False,high
VST,BMO,1.0,36,36,0,BMO,False,high
VTR,BMO,0.581,43,25,18,AMC,True,low
VTRS,BMO,0.909,22,20,2,BMO,False,high
VZ,BMO,1.0,42,42,0,BMO,False,high
WAB,BMO,1.0,44,44,0,BMO,False,high
WAT,BMO,0.977,43,42,1,BMO,False,high
WBD,BMO,0.841,44,37,7,BMO,False,medium
WDAY,AMC,0.977,44,1,43,AMC,False,high
WDC,AMC,0.907,43,4,39,AMC,False,high
WEC,BMO,0.956,45,43,2,BMO,False,high
WELL,AMC,0.6,55,22,33,AMC,False,low
WFC,BMO,0.956,45,43,2,BMO,False,high
WM,BMO,0.714,42,30,12,AMC,True,medium
WMB,AMC,0.881,42,5,37,AMC,False,medium
WMT,BMO,1.0,42,42,0,BMO,False,high
WRB,AMC,0.976,41,1,40,AMC,False,high
WSM,AMC,0.7,40,12,28,BMO,True,medium
WST,BMO,0.925,40,37,3,BMO,False,high
WTW,BMO,0.978,45,44,1,BMO,False,high
WY,BMO,0.561,41,23,18,AMC,True,low
WYNN,AMC,1.0,42,0,42,AMC,False,high
XEL,AMC,0.976,41,1,40,AMC,False,high
XOM,BMO,0.894,47,42,5,BMO,False,medium
XYL,BMO,0.956,45,43,2,BMO,False,high
XYZ,AMC,0.952,42,2,40,AMC,False,high
YUM,BMO,0.864,44,38,6,BMO,False,medium
ZBH,BMO,0.957,46,44,2,BMO,False,high
ZBRA,BMO,0.976,42,41,1,BMO,False,high
ZTS,BMO,1.0,42,42,0,BMO,False,high
